pollster,answer,percentage,count
1892 Polling,Biden,25,2
1892 Polling,Kennedy,12.5,1
1892 Polling,Oliver,12.5,1
1892 Polling,Stein,12.5,1
1892 Polling,Terry,12.5,1
1892 Polling,Trump,25,2
1983 Labs,Biden,25,3
1983 Labs,Kennedy,25,3
1983 Labs,Oliver,25,3
1983 Labs,Trump,25,3
3W Insights,Biden,50,3
3W Insights,Trump,50,3
ABC/Washington Post,Biden,50,9
ABC/Washington Post,DeSantis,11.11111111111111,2
ABC/Washington Post,Trump,38.88888888888889,7
ARW Strategies,Harris,50,1
ARW Strategies,Trump,50,1
Abacus Data,Biden,33.33333333333333,1
Abacus Data,Kennedy,33.33333333333333,1
Abacus Data,Trump,33.33333333333333,1
ActiVote,Biden,11.842105263157894,18
ActiVote,Haley,0.6578947368421052,1
ActiVote,Harris,35.526315789473685,54
ActiVote,Kennedy,5.263157894736842,8
ActiVote,Trump,46.71052631578947,71
Alaska Survey Research,Biden,16.666666666666664,3
Alaska Survey Research,Harris,22.22222222222222,4
Alaska Survey Research,Kennedy,22.22222222222222,4
Alaska Survey Research,Trump,38.88888888888889,7
American Pulse,Biden,12.121212121212121,4
American Pulse,Harris,15.151515151515152,5
American Pulse,Kennedy,15.151515151515152,5
American Pulse,Oliver,9.090909090909092,3
American Pulse,Scott,6.0606060606060606,2
American Pulse,Stein,9.090909090909092,3
American Pulse,Trump,27.27272727272727,9
American Pulse,West,6.0606060606060606,2
Angus Reid,Biden,9.090909090909092,1
Angus Reid,Harris,36.36363636363637,4
Angus Reid,Kennedy,9.090909090909092,1
Angus Reid,Trump,45.45454545454545,5
Arc Insights,Harris,50,1
Arc Insights,Trump,50,1
AtlasIntel,Biden,2.34375,3
AtlasIntel,Haley,0.78125,1
AtlasIntel,Harris,26.5625,34
AtlasIntel,Kennedy,7.03125,9
AtlasIntel,M. Obama,0.78125,1
AtlasIntel,Oliver,10.9375,14
AtlasIntel,Stein,12.5,16
AtlasIntel,Trump,28.90625,37
AtlasIntel,West,10.15625,13
Axis Research,Biden,20,2
Axis Research,Haley,10,1
Axis Research,Kennedy,20,2
Axis Research,Stein,20,2
Axis Research,Trump,10,1
Axis Research,West,20,2
BK Strategies,Harris,50,1
BK Strategies,Trump,50,1
Beacon/Shaw,Biden,18.7012987012987,72
Beacon/Shaw,Christie,0.2597402597402597,1
Beacon/Shaw,DeSantis,1.2987012987012987,5
Beacon/Shaw,Haley,3.3766233766233764,13
Beacon/Shaw,Harris,10.649350649350648,41
Beacon/Shaw,Kennedy,8.571428571428571,33
Beacon/Shaw,Manchin,0.5194805194805194,2
Beacon/Shaw,Newsom,0.5194805194805194,2
Beacon/Shaw,Oliver,3.3766233766233764,13
Beacon/Shaw,Pence,0.2597402597402597,1
Beacon/Shaw,Ramaswamy,0.5194805194805194,2
Beacon/Shaw,Scott,0.5194805194805194,2
Beacon/Shaw,Shapiro,1.0389610389610389,4
Beacon/Shaw,Stein,11.428571428571429,44
Beacon/Shaw,Trump,26.49350649350649,102
Beacon/Shaw,West,10.909090909090908,42
Beacon/Shaw,Whitmer,1.5584415584415585,6
Bendixen & Amandi International,Biden,16.666666666666664,2
Bendixen & Amandi International,Clinton,8.333333333333332,1
Bendixen & Amandi International,Harris,8.333333333333332,1
Bendixen & Amandi International,Newsom,8.333333333333332,1
Bendixen & Amandi International,Trump,50,6
Bendixen & Amandi International,Whitmer,8.333333333333332,1
Benenson,Biden,50,1
Benenson,Trump,50,1
Benenson Strategy Group/GS Strategy Group,Biden,12.844036697247708,14
Benenson Strategy Group/GS Strategy Group,Harris,25.688073394495415,28
Benenson Strategy Group/GS Strategy Group,Kennedy,14.678899082568808,16
Benenson Strategy Group/GS Strategy Group,Stein,5.5045871559633035,6
Benenson Strategy Group/GS Strategy Group,Trump,38.53211009174312,42
Benenson Strategy Group/GS Strategy Group,West,2.7522935779816518,3
Big Data Poll,Biden,28.368794326241137,80
Big Data Poll,DeSantis,1.773049645390071,5
Big Data Poll,Harris,3.900709219858156,11
Big Data Poll,Kennedy,15.602836879432624,44
Big Data Poll,Mapstead,2.127659574468085,6
Big Data Poll,Oliver,1.0638297872340425,3
Big Data Poll,Stein,7.801418439716312,22
Big Data Poll,Trump,30.49645390070922,86
Big Data Poll,West,8.865248226950355,25
Big Village,Biden,19.424460431654676,54
Big Village,DeSantis,5.0359712230215825,14
Big Village,Harris,12.23021582733813,34
Big Village,Kennedy,15.107913669064748,42
Big Village,Stein,6.474820143884892,18
Big Village,Trump,26.618705035971225,74
Big Village,West,15.107913669064748,42
Blueprint Polling,Biden,50,13
Blueprint Polling,DeSantis,3.8461538461538463,1
Blueprint Polling,Trump,46.15384615384615,12
Bowling Green State University/YouGov,Harris,50,1
Bowling Green State University/YouGov,Trump,50,1
Bullfinch,Biden,18.120805369127517,27
Bullfinch,Harris,14.76510067114094,22
Bullfinch,Kennedy,11.409395973154362,17
Bullfinch,McConaughey,1.342281879194631,2
Bullfinch,Oliver,2.684563758389262,4
Bullfinch,Stein,10.06711409395973,15
Bullfinch,Trump,32.88590604026846,49
Bullfinch,West,8.724832214765101,13
CNN/SSRS,Biden,23.076923076923077,30
CNN/SSRS,Buttigieg,0.7692307692307693,1
CNN/SSRS,Christie,0.7692307692307693,1
CNN/SSRS,DeSantis,3.076923076923077,4
CNN/SSRS,Haley,3.8461538461538463,5
CNN/SSRS,Harris,8.461538461538462,11
CNN/SSRS,Kennedy,6.153846153846154,8
CNN/SSRS,Newsom,0.7692307692307693,1
CNN/SSRS,Oliver,8.461538461538462,11
CNN/SSRS,Pence,0.7692307692307693,1
CNN/SSRS,Ramaswamy,0.7692307692307693,1
CNN/SSRS,Scott,0.7692307692307693,1
CNN/SSRS,Stein,9.230769230769232,12
CNN/SSRS,Trump,23.846153846153847,31
CNN/SSRS,West,8.461538461538462,11
CNN/SSRS,Whitmer,0.7692307692307693,1
CWS Research,Biden,25,2
CWS Research,DeSantis,12.5,1
CWS Research,Harris,12.5,1
CWS Research,Oliver,12.5,1
CWS Research,Stein,12.5,1
CWS Research,Trump,25,2
Capitol Weekly,Biden,7.575757575757576,5
Capitol Weekly,De la Cruz,16.666666666666664,11
Capitol Weekly,Harris,9.090909090909092,6
Capitol Weekly,Kennedy,16.666666666666664,11
Capitol Weekly,Stein,16.666666666666664,11
Capitol Weekly,Trump,16.666666666666664,11
Capitol Weekly,West,16.666666666666664,11
Causeway Solutions,Biden,50,1
Causeway Solutions,Trump,50,1
Change Research,Biden,32.83582089552239,22
Change Research,DeSantis,1.4925373134328357,1
Change Research,Harris,7.462686567164178,5
Change Research,Kennedy,5.970149253731343,4
Change Research,Manchin,4.477611940298507,3
Change Research,Trump,38.80597014925373,26
Change Research,West,8.955223880597014,6
Cherry Communications,Biden,33.33333333333333,3
Cherry Communications,DeSantis,11.11111111111111,1
Cherry Communications,Harris,11.11111111111111,1
Cherry Communications,Kennedy,11.11111111111111,1
Cherry Communications,Trump,33.33333333333333,3
Chism Strategies,Biden,50,1
Chism Strategies,Trump,50,1
Christopher Newport U.,Harris,50,1
Christopher Newport U.,Trump,50,1
Civiqs,Biden,25,7
Civiqs,Harris,14.285714285714285,4
Civiqs,Kennedy,21.428571428571427,6
Civiqs,Trump,39.285714285714285,11
Clarity,Biden,39.285714285714285,22
Clarity,DeSantis,14.285714285714285,8
Clarity,Haley,3.571428571428571,2
Clarity,Harris,10.714285714285714,6
Clarity,Trump,26.785714285714285,15
Clarity,Vance,5.357142857142857,3
"Cor Services, Inc.",Biden,50,2
"Cor Services, Inc.",DeSantis,25,1
"Cor Services, Inc.",Trump,25,1
Cor Strategies,Biden,50,2
Cor Strategies,DeSantis,25,1
Cor Strategies,Trump,25,1
Cygnal,Biden,28.703703703703702,62
Cygnal,DeSantis,4.166666666666666,9
Cygnal,Haley,0.4629629629629629,1
Cygnal,Harris,6.481481481481481,14
Cygnal,Kennedy,10.185185185185185,22
Cygnal,Manchin,0.4629629629629629,1
Cygnal,Newsom,0.9259259259259258,2
Cygnal,Oliver,2.314814814814815,5
Cygnal,Pence,1.3888888888888888,3
Cygnal,Stein,6.944444444444445,15
Cygnal,Terry,1.3888888888888888,3
Cygnal,Trump,30.09259259259259,65
Cygnal,West,6.481481481481481,14
Cygnal/Aspect Strategic,Biden,50,1
Cygnal/Aspect Strategic,Trump,50,1
DHM Research,Biden,10,1
DHM Research,Harris,10,1
DHM Research,Shapiro,10,1
DHM Research,Trump,50,5
DHM Research,Warnock,10,1
DHM Research,Whitmer,10,1
Dan Jones,Biden,50,1
Dan Jones,Trump,50,1
Data Orbital,Biden,20,1
Data Orbital,Harris,20,1
Data Orbital,Kennedy,20,1
Data Orbital,Trump,40,2
Data Viewpoint,Biden,50,2
Data Viewpoint,Haley,25,1
Data Viewpoint,Trump,25,1
Data for Progress,Biden,18.333333333333332,11
Data for Progress,Booker,1.6666666666666667,1
Data for Progress,Buttigieg,1.6666666666666667,1
Data for Progress,Harris,10,6
Data for Progress,Hogan,1.6666666666666667,1
Data for Progress,Kennedy,5,3
Data for Progress,Klobuchar,1.6666666666666667,1
Data for Progress,Newsom,1.6666666666666667,1
Data for Progress,Oliver,3.3333333333333335,2
Data for Progress,Pritzker,1.6666666666666667,1
Data for Progress,Shapiro,1.6666666666666667,1
Data for Progress,Stein,5,3
Data for Progress,Trump,40,24
Data for Progress,West,5,3
Data for Progress,Whitmer,1.6666666666666667,1
Differentiators,Biden,50,2
Differentiators,DeSantis,25,1
Differentiators,Trump,25,1
Digital Research,Biden,32,8
Digital Research,Kennedy,16,4
Digital Research,Stein,12,3
Digital Research,Trump,32,8
Digital Research,West,8,2
EPIC/MRA,Biden,33.33333333333333,12
EPIC/MRA,DeSantis,2.7777777777777777,1
EPIC/MRA,Haley,2.7777777777777777,1
EPIC/MRA,Harris,5.555555555555555,2
EPIC/MRA,Kennedy,8.333333333333332,3
EPIC/MRA,Stein,8.333333333333332,3
EPIC/MRA,Trump,33.33333333333333,12
EPIC/MRA,West,5.555555555555555,2
East Carolina University,Biden,18.421052631578945,7
East Carolina University,Haley,2.631578947368421,1
East Carolina University,Harris,7.894736842105263,3
East Carolina University,Kennedy,7.894736842105263,3
East Carolina University,Oliver,7.894736842105263,3
East Carolina University,Stein,15.789473684210526,6
East Carolina University,Terry,2.631578947368421,1
East Carolina University,Trump,23.684210526315788,9
East Carolina University,West,13.157894736842104,5
Echelon Insights,Biden,35.645933014354064,149
Echelon Insights,Buttigieg,0.23923444976076555,1
Echelon Insights,Cheney,0.4784688995215311,2
Echelon Insights,Clinton,0.23923444976076555,1
Echelon Insights,Cohen,0.23923444976076555,1
Echelon Insights,Cuban,0.23923444976076555,1
Echelon Insights,DeSantis,9.569377990430622,40
Echelon Insights,Haley,1.1961722488038278,5
Echelon Insights,Harris,3.588516746411483,15
Echelon Insights,Kennedy,4.30622009569378,18
Echelon Insights,Manchin,0.9569377990430622,4
Echelon Insights,McConaughey,0.4784688995215311,2
Echelon Insights,Newsom,0.23923444976076555,1
Echelon Insights,Oliver,2.631578947368421,11
Echelon Insights,Pence,0.23923444976076555,1
Echelon Insights,Romney,0.4784688995215311,2
Echelon Insights,Scott,0.23923444976076555,1
Echelon Insights,Stein,4.30622009569378,18
Echelon Insights,Swift,0.23923444976076555,1
Echelon Insights,Trump,28.947368421052634,121
Echelon Insights,West,4.545454545454546,19
Echelon Insights,Whitmer,0.23923444976076555,1
Echelon Insights,Yang,0.7177033492822966,3
Echelon Insights/GBAO,Harris,50,1
Echelon Insights/GBAO,Trump,50,1
Elon U.,Harris,50,1
Elon U.,Trump,50,1
Elway,Biden,25,3
Elway,Harris,16.666666666666664,2
Elway,Kennedy,8.333333333333332,1
Elway,Trump,41.66666666666667,5
Elway,West,8.333333333333332,1
Embold Research,Biden,18.181818181818183,2
Embold Research,Harris,27.27272727272727,3
Embold Research,Kennedy,9.090909090909092,1
Embold Research,Trump,45.45454545454545,5
Emerson,Biden,29.038652130822594,293
Emerson,Buttigieg,0.09910802775024777,1
Emerson,Cheney,0.09910802775024777,1
Emerson,Clinton,0.09910802775024777,1
Emerson,Cuban,0.09910802775024777,1
Emerson,DeSantis,1.4866204162537164,15
Emerson,Gore,0.09910802775024777,1
Emerson,Haley,0.6937561942517344,7
Emerson,Harris,6.739345887016849,68
Emerson,Kennedy,7.135777998017839,72
Emerson,Musk,0.09910802775024777,1
Emerson,Newsom,0.8919722497522299,9
Emerson,Oliver,1.6848364717542121,17
Emerson,Romney,0.19821605550049554,2
Emerson,Sanders,0.39643211100099107,4
Emerson,Shapiro,0.09910802775024777,1
Emerson,Stein,7.036669970267592,71
Emerson,Sununu,0.09910802775024777,1
Emerson,Swift,0.09910802775024777,1
Emerson,Trump,35.4806739345887,358
Emerson,Warren,0.19821605550049554,2
Emerson,West,7.829534192269574,79
Emerson,Whitmer,0.29732408325074333,3
Fabrizio,Biden,31.03448275862069,9
Fabrizio,Harris,6.896551724137931,2
Fabrizio,Kennedy,6.896551724137931,2
Fabrizio,Mapstead,6.896551724137931,2
Fabrizio,Stein,6.896551724137931,2
Fabrizio,Trump,37.93103448275862,11
Fabrizio,West,3.4482758620689653,1
Fabrizio Ward,Harris,40,6
Fabrizio Ward,Kennedy,20,3
Fabrizio Ward,Trump,40,6
Fabrizio/David Binder Research,Harris,50,1
Fabrizio/David Binder Research,Trump,50,1
Fabrizio/GBAO,Biden,16.230366492146597,31
Fabrizio/GBAO,DeSantis,0.5235602094240838,1
Fabrizio/GBAO,Haley,0.5235602094240838,1
Fabrizio/GBAO,Harris,9.424083769633508,18
Fabrizio/GBAO,Kennedy,9.424083769633508,18
Fabrizio/GBAO,Manchin,1.0471204188481675,2
Fabrizio/GBAO,Mapstead,8.900523560209423,17
Fabrizio/GBAO,Oliver,5.2356020942408374,10
Fabrizio/GBAO,Stein,13.612565445026178,26
Fabrizio/GBAO,Trump,24.60732984293194,47
Fabrizio/GBAO,West,10.471204188481675,20
Fabrizio/Impact,Biden,14.678899082568808,16
Fabrizio/Impact,DeSantis,0.9174311926605505,1
Fabrizio/Impact,Harris,16.51376146788991,18
Fabrizio/Impact,Kennedy,8.256880733944955,9
Fabrizio/Impact,Oliver,11.926605504587156,13
Fabrizio/Impact,Stein,11.926605504587156,13
Fabrizio/Impact,Terry,0.9174311926605505,1
Fabrizio/Impact,Trump,30.275229357798167,33
Fabrizio/Impact,West,4.587155963302752,5
Fabrizio/McLaughlin,Harris,50,7
Fabrizio/McLaughlin,Trump,50,7
Fairleigh Dickinson,Harris,50,2
Fairleigh Dickinson,Trump,50,2
Faucheux Strategies,Biden,28.57142857142857,2
Faucheux Strategies,Kennedy,14.285714285714285,1
Faucheux Strategies,Stein,14.285714285714285,1
Faucheux Strategies,Trump,28.57142857142857,2
Faucheux Strategies,West,14.285714285714285,1
Fleming & Associates,Biden,50,1
Fleming & Associates,Trump,50,1
Florida Atlantic University,Biden,50,1
Florida Atlantic University,Trump,50,1
Florida Atlantic University/Mainstreet Research,Biden,30.201342281879196,90
Florida Atlantic University/Mainstreet Research,DeSantis,0.6711409395973155,2
Florida Atlantic University/Mainstreet Research,Harris,12.751677852348994,38
Florida Atlantic University/Mainstreet Research,Kennedy,14.093959731543624,42
Florida Atlantic University/Mainstreet Research,Trump,42.281879194630875,126
Focaldata,Biden,4.761904761904762,12
Focaldata,Harris,23.809523809523807,60
Focaldata,Kennedy,8.333333333333332,21
Focaldata,Oliver,17.857142857142858,45
Focaldata,Stein,16.666666666666664,42
Focaldata,Trump,28.57142857142857,72
Franklin and Marshall College,Biden,25.925925925925924,7
Franklin and Marshall College,Harris,7.4074074074074066,2
Franklin and Marshall College,Kennedy,11.11111111111111,3
Franklin and Marshall College,Oliver,7.4074074074074066,2
Franklin and Marshall College,Stein,14.814814814814813,4
Franklin and Marshall College,Trump,33.33333333333333,9
GQR,Biden,28.57142857142857,4
GQR,DeSantis,14.285714285714285,2
GQR,Harris,14.285714285714285,2
GQR,Oliver,14.285714285714285,2
GQR,Trump,28.57142857142857,4
GS Strategy Group,Biden,33.33333333333333,2
GS Strategy Group,Haley,16.666666666666664,1
GS Strategy Group,Kennedy,16.666666666666664,1
GS Strategy Group,Trump,33.33333333333333,2
Gateway Political Strategies,Harris,50,1
Gateway Political Strategies,Trump,50,1
Glengariff Group Inc.,Biden,7.894736842105263,3
Glengariff Group Inc.,Cheney,2.631578947368421,1
Glengariff Group Inc.,Haley,2.631578947368421,1
Glengariff Group Inc.,Harris,7.894736842105263,3
Glengariff Group Inc.,Kennedy,13.157894736842104,5
Glengariff Group Inc.,Mapstead,2.631578947368421,1
Glengariff Group Inc.,Newsom,5.263157894736842,2
Glengariff Group Inc.,Oliver,10.526315789473683,4
Glengariff Group Inc.,Stein,15.789473684210526,6
Glengariff Group Inc.,Trump,23.684210526315788,9
Glengariff Group Inc.,West,2.631578947368421,1
Glengariff Group Inc.,Whitmer,5.263157894736842,2
Global Strategy Group,Biden,30.76923076923077,4
Global Strategy Group,Harris,7.6923076923076925,1
Global Strategy Group,Kennedy,7.6923076923076925,1
Global Strategy Group,Stein,7.6923076923076925,1
Global Strategy Group,Trump,38.46153846153847,5
Global Strategy Group,West,7.6923076923076925,1
Global Strategy Group/North Star Opinion Research,Harris,25,14
Global Strategy Group/North Star Opinion Research,Kennedy,12.5,7
Global Strategy Group/North Star Opinion Research,Oliver,12.5,7
Global Strategy Group/North Star Opinion Research,Stein,12.5,7
Global Strategy Group/North Star Opinion Research,Trump,25,14
Global Strategy Group/North Star Opinion Research,West,12.5,7
Gonzales Research & Media Services,Biden,42.857142857142854,9
Gonzales Research & Media Services,DeSantis,9.523809523809524,2
Gonzales Research & Media Services,Haley,9.523809523809524,2
Gonzales Research & Media Services,Harris,4.761904761904762,1
Gonzales Research & Media Services,Kennedy,4.761904761904762,1
Gonzales Research & Media Services,Ramaswamy,4.761904761904762,1
Gonzales Research & Media Services,Trump,23.809523809523807,5
Gravis Marketing (post 2020),Biden,25,1
Gravis Marketing (post 2020),Mapstead,25,1
Gravis Marketing (post 2020),Trump,25,1
Gravis Marketing (post 2020),West,25,1
Harris Poll,Biden,16.666666666666664,8
Harris Poll,Buttigieg,2.083333333333333,1
Harris Poll,DeSantis,16.666666666666664,8
Harris Poll,Harris,31.25,15
Harris Poll,Pompeo,2.083333333333333,1
Harris Poll,Scott,2.083333333333333,1
Harris Poll,Trump,29.166666666666668,14
HarrisX,Biden,21.311475409836063,52
HarrisX,DeSantis,0.4098360655737705,1
HarrisX,Haley,0.4098360655737705,1
HarrisX,Harris,12.704918032786885,31
HarrisX,Kennedy,12.295081967213115,30
HarrisX,Stein,9.01639344262295,22
HarrisX,Trump,33.19672131147541,81
HarrisX,West,10.655737704918032,26
HarrisX/Harris Poll,Biden,23.809523809523807,65
HarrisX/Harris Poll,DeSantis,10.622710622710622,29
HarrisX/Harris Poll,Haley,4.761904761904762,13
HarrisX/Harris Poll,Harris,17.94871794871795,49
HarrisX/Harris Poll,Kennedy,7.326007326007327,20
HarrisX/Harris Poll,Pence,0.7326007326007326,2
HarrisX/Harris Poll,Ramaswamy,0.7326007326007326,2
HarrisX/Harris Poll,Scott,0.7326007326007326,2
HarrisX/Harris Poll,Stein,4.395604395604396,12
HarrisX/Harris Poll,Trump,24.175824175824175,66
HarrisX/Harris Poll,West,4.761904761904762,13
Hart Research Associates,Biden,50,1
Hart Research Associates,Trump,50,1
Hart/POS,Biden,26.229508196721312,16
Hart/POS,DeSantis,3.278688524590164,2
Hart/POS,Haley,3.278688524590164,2
Hart/POS,Harris,9.836065573770492,6
Hart/POS,Kennedy,6.557377049180328,4
Hart/POS,Oliver,4.918032786885246,3
Hart/POS,Stein,6.557377049180328,4
Hart/POS,Terry,3.278688524590164,2
Hart/POS,Trump,29.508196721311474,18
Hart/POS,West,6.557377049180328,4
Hendrix College,Harris,20,1
Hendrix College,Kennedy,20,1
Hendrix College,Oliver,20,1
Hendrix College,Stein,20,1
Hendrix College,Trump,20,1
High Point University,Biden,33.33333333333333,4
High Point University,Harris,16.666666666666664,2
High Point University,Trump,50,6
HighGround,Harris,50,2
HighGround,Trump,50,2
Hoffman Research,Harris,33.33333333333333,2
Hoffman Research,Kennedy,16.666666666666664,1
Hoffman Research,Stein,16.666666666666664,1
Hoffman Research,Trump,33.33333333333333,2
Hunt Research,Harris,33.33333333333333,2
Hunt Research,Oliver,16.666666666666664,1
Hunt Research,Stein,16.666666666666664,1
Hunt Research,Trump,33.33333333333333,2
Impact Research,Harris,50,1
Impact Research,Trump,50,1
Innovative Research Group,Biden,33.33333333333333,1
Innovative Research Group,Kennedy,33.33333333333333,1
Innovative Research Group,Trump,33.33333333333333,1
InsiderAdvantage,Biden,12.903225806451612,8
InsiderAdvantage,Harris,37.096774193548384,23
InsiderAdvantage,Trump,50,31
Ipsos,Beshear,0.5076142131979695,2
Ipsos,Biden,23.85786802030457,94
Ipsos,Cheney,0.5076142131979695,2
Ipsos,Cruz,0.25380710659898476,1
Ipsos,DeSantis,2.7918781725888326,11
Ipsos,Haley,1.2690355329949239,5
Ipsos,Harris,13.451776649746192,53
Ipsos,Kennedy,8.375634517766498,33
Ipsos,M. Obama,0.5076142131979695,2
Ipsos,Newsom,0.5076142131979695,2
Ipsos,Oliver,2.5380710659898478,10
Ipsos,Phillips,0.5076142131979695,2
Ipsos,Pritzker,0.5076142131979695,2
Ipsos,Ramaswamy,0.25380710659898476,1
Ipsos,Stein,3.5532994923857872,14
Ipsos,Trump,36.54822335025381,144
Ipsos,West,3.5532994923857872,14
Ipsos,Whitmer,0.5076142131979695,2
Iron Light,Biden,22.22222222222222,2
Iron Light,Harris,11.11111111111111,1
Iron Light,Kennedy,33.33333333333333,3
Iron Light,Trump,33.33333333333333,3
J.L. Partners,Biden,26.785714285714285,30
J.L. Partners,Christie,0.8928571428571428,1
J.L. Partners,DeSantis,4.464285714285714,5
J.L. Partners,Haley,1.7857142857142856,2
J.L. Partners,Harris,5.357142857142857,6
J.L. Partners,Kennedy,9.821428571428571,11
J.L. Partners,M. Obama,0.8928571428571428,1
J.L. Partners,Newsom,0.8928571428571428,1
J.L. Partners,Oliver,4.464285714285714,5
J.L. Partners,Pence,1.7857142857142856,2
J.L. Partners,Ramaswamy,0.8928571428571428,1
J.L. Partners,Scott,0.8928571428571428,1
J.L. Partners,Stein,8.928571428571429,10
J.L. Partners,Trump,23.214285714285715,26
J.L. Partners,West,8.928571428571429,10
John Zogby Strategies,Biden,25.581395348837212,55
John Zogby Strategies,Kennedy,47.906976744186046,103
John Zogby Strategies,Segal,0.46511627906976744,1
John Zogby Strategies,Trump,26.046511627906977,56
KAConsulting LLC,Biden,25,6
KAConsulting LLC,Kennedy,12.5,3
KAConsulting LLC,Mapstead,12.5,3
KAConsulting LLC,Stein,12.5,3
KAConsulting LLC,Trump,25,6
KAConsulting LLC,West,12.5,3
Kaiser Family Foundation,Biden,40,4
Kaiser Family Foundation,Harris,10,1
Kaiser Family Foundation,Trump,50,5
Kaplan Strategies,Biden,36.84210526315789,7
Kaplan Strategies,Harris,10.526315789473683,2
Kaplan Strategies,Stein,5.263157894736842,1
Kaplan Strategies,Trump,47.368421052631575,9
Keating Research,Harris,50,1
Keating Research,Trump,50,1
Lake Research,Harris,37.5,3
Lake Research,Oliver,12.5,1
Lake Research,Stein,12.5,1
Lake Research,Trump,37.5,3
Landmark Communications,Harris,25,2
Landmark Communications,Kennedy,12.5,1
Landmark Communications,Oliver,12.5,1
Landmark Communications,Stein,12.5,1
Landmark Communications,Trump,25,2
Landmark Communications,West,12.5,1
Leger,Biden,29.310344827586203,17
Leger,DeSantis,1.7241379310344827,1
Leger,Harris,10.344827586206897,6
Leger,Kennedy,6.896551724137931,4
Leger,Stein,6.896551724137931,4
Leger,Trump,37.93103448275862,22
Leger,West,6.896551724137931,4
Let's Preserve the American Dream,Biden,33.33333333333333,2
Let's Preserve the American Dream,Kennedy,16.666666666666664,1
Let's Preserve the American Dream,Trump,33.33333333333333,2
Let's Preserve the American Dream,West,16.666666666666664,1
Lord Ashcroft Polls,Biden,34.523809523809526,29
Lord Ashcroft Polls,Christie,1.1904761904761905,1
Lord Ashcroft Polls,DeSantis,5.952380952380952,5
Lord Ashcroft Polls,Haley,5.952380952380952,5
Lord Ashcroft Polls,Harris,4.761904761904762,4
Lord Ashcroft Polls,Kennedy,7.142857142857142,6
Lord Ashcroft Polls,Pence,1.1904761904761905,1
Lord Ashcroft Polls,Ramaswamy,3.571428571428571,3
Lord Ashcroft Polls,Scott,1.1904761904761905,1
Lord Ashcroft Polls,Stein,7.142857142857142,6
Lord Ashcroft Polls,Trump,20.238095238095237,17
Lord Ashcroft Polls,West,7.142857142857142,6
MRG (Marketing Resource Group),Biden,19.047619047619047,4
MRG (Marketing Resource Group),Harris,4.761904761904762,1
MRG (Marketing Resource Group),Kennedy,9.523809523809524,2
MRG (Marketing Resource Group),Kishore,4.761904761904762,1
MRG (Marketing Resource Group),Oliver,4.761904761904762,1
MRG (Marketing Resource Group),Stein,9.523809523809524,2
MRG (Marketing Resource Group),Terry,4.761904761904762,1
MRG (Marketing Resource Group),Trump,28.57142857142857,6
MRG (Marketing Resource Group),West,9.523809523809524,2
MRG (Marketing Resource Group),Whitmer,4.761904761904762,1
Manhattan Institute,Biden,15.384615384615385,4
Manhattan Institute,Harris,7.6923076923076925,2
Manhattan Institute,Kennedy,11.538461538461538,3
Manhattan Institute,Oliver,11.538461538461538,3
Manhattan Institute,Stein,11.538461538461538,3
Manhattan Institute,Trump,26.923076923076923,7
Manhattan Institute,West,11.538461538461538,3
Manhattan Institute,Whitmer,3.8461538461538463,1
Marist,Biden,19.393939393939394,32
Marist,DeSantis,0.6060606060606061,1
Marist,Haley,1.2121212121212122,2
Marist,Harris,16.969696969696972,28
Marist,Kennedy,9.090909090909092,15
Marist,Newsom,0.6060606060606061,1
Marist,Oliver,3.6363636363636362,6
Marist,Stein,6.0606060606060606,10
Marist,Trump,35.75757575757576,59
Marist,West,6.0606060606060606,10
Marist,Whitmer,0.6060606060606061,1
Marquette Law School,Biden,27.33812949640288,76
Marquette Law School,De la Cruz,0.7194244604316548,2
Marquette Law School,DeSantis,7.553956834532374,21
Marquette Law School,Haley,2.5179856115107913,7
Marquette Law School,Harris,7.1942446043165464,20
Marquette Law School,Kennedy,7.913669064748201,22
Marquette Law School,Oliver,4.316546762589928,12
Marquette Law School,Pence,0.3597122302158274,1
Marquette Law School,Stein,7.913669064748201,22
Marquette Law School,Terry,2.158273381294964,6
Marquette Law School,Trump,24.100719424460433,67
Marquette Law School,West,7.913669064748201,22
Mason-Dixon,Biden,29.411764705882355,5
Mason-Dixon,Harris,11.76470588235294,2
Mason-Dixon,Kennedy,17.647058823529413,3
Mason-Dixon,Trump,41.17647058823529,7
MassINC Polling Group,Biden,2.7777777777777777,1
MassINC Polling Group,Harris,25,9
MassINC Polling Group,Kennedy,13.88888888888889,5
MassINC Polling Group,Oliver,8.333333333333332,3
MassINC Polling Group,Stein,11.11111111111111,4
MassINC Polling Group,Trump,27.77777777777778,10
MassINC Polling Group,West,11.11111111111111,4
McCourtney Institute/YouGov,Harris,50,1
McCourtney Institute/YouGov,Trump,50,1
McLaughlin,Biden,22.448979591836736,77
McLaughlin,Buttigieg,0.2915451895043732,1
McLaughlin,Clinton,0.8746355685131195,3
McLaughlin,Harris,10.787172011661808,37
McLaughlin,Kennedy,6.997084548104956,24
McLaughlin,Manchin,2.0408163265306123,7
McLaughlin,Mapstead,3.498542274052478,12
McLaughlin,Oliver,2.623906705539359,9
McLaughlin,P. Murphy,0.2915451895043732,1
McLaughlin,Stein,7.288629737609329,25
McLaughlin,Trump,34.40233236151604,118
McLaughlin,Trump Jr.,0.2915451895043732,1
McLaughlin,West,8.16326530612245,28
Meeting Street Insights,Ballay,20,1
Meeting Street Insights,Biden,20,1
Meeting Street Insights,Kennedy,20,1
Meeting Street Insights,Stein,20,1
Meeting Street Insights,Trump,20,1
Meredith College,Biden,23.076923076923077,3
Meredith College,Harris,7.6923076923076925,1
Meredith College,Kennedy,7.6923076923076925,1
Meredith College,Oliver,7.6923076923076925,1
Meredith College,Stein,7.6923076923076925,1
Meredith College,Terry,7.6923076923076925,1
Meredith College,Trump,30.76923076923077,4
Meredith College,West,7.6923076923076925,1
Metropolitan Research,Biden,50,1
Metropolitan Research,Trump,50,1
Mitchell,Biden,15.384615384615385,8
Mitchell,DeSantis,1.9230769230769231,1
Mitchell,Harris,11.538461538461538,6
Mitchell,Kennedy,11.538461538461538,6
Mitchell,Kishore,3.8461538461538463,2
Mitchell,Oliver,3.8461538461538463,2
Mitchell,Stein,11.538461538461538,6
Mitchell,Terry,3.8461538461538463,2
Mitchell,Trump,25,13
Mitchell,West,11.538461538461538,6
Morning Consult,Biden,34.0997830802603,786
Morning Consult,Cheney,0.04338394793926247,1
Morning Consult,Christie,0.04338394793926247,1
Morning Consult,Cotton,0.04338394793926247,1
Morning Consult,Cruz,0.08676789587852494,2
Morning Consult,DeSantis,2.0824295010845986,48
Morning Consult,Haley,0.08676789587852494,2
Morning Consult,Harris,10.542299349240782,243
Morning Consult,Hawley,0.04338394793926247,1
Morning Consult,Hogan,0.04338394793926247,1
Morning Consult,Kennedy,2.7331887201735356,63
Morning Consult,Noem,0.04338394793926247,1
Morning Consult,Oliver,1.822125813449024,42
Morning Consult,Pence,0.08676789587852494,2
Morning Consult,Pompeo,0.04338394793926247,1
Morning Consult,R. Scott,0.04338394793926247,1
Morning Consult,Ramaswamy,0.04338394793926247,1
Morning Consult,Romney,0.04338394793926247,1
Morning Consult,Rubio,0.04338394793926247,1
Morning Consult,Sanders,0.04338394793926247,1
Morning Consult,Scott,0.08676789587852494,2
Morning Consult,Stein,3.644251626898048,84
Morning Consult,Trump,41.77874186550976,963
Morning Consult,West,2.4295010845986984,56
Muhlenberg,Biden,33.33333333333333,5
Muhlenberg,DeSantis,6.666666666666667,1
Muhlenberg,Haley,6.666666666666667,1
Muhlenberg,Harris,6.666666666666667,1
Muhlenberg,Kennedy,6.666666666666667,1
Muhlenberg,Shapiro,6.666666666666667,1
Muhlenberg,Trump,33.33333333333333,5
Murphy Nasica & Associates,Biden,33.33333333333333,1
Murphy Nasica & Associates,Kennedy,33.33333333333333,1
Murphy Nasica & Associates,Trump,33.33333333333333,1
NORC,Biden,50,1
NORC,Trump,50,1
National Public Affairs,Biden,27.27272727272727,6
National Public Affairs,Kennedy,13.636363636363635,3
National Public Affairs,Manchin,4.545454545454546,1
National Public Affairs,Oliver,4.545454545454546,1
National Public Affairs,Stein,9.090909090909092,2
National Public Affairs,Trump,27.27272727272727,6
National Public Affairs,West,13.636363636363635,3
National Research,Harris,50,1
National Research,Trump,50,1
Navigator,Biden,4.25531914893617,2
Navigator,Harris,21.27659574468085,10
Navigator,Kennedy,12.76595744680851,6
Navigator,Oliver,10.638297872340425,5
Navigator,Stein,12.76595744680851,6
Navigator,Trump,25.53191489361702,12
Navigator,West,12.76595744680851,6
New Bridge Strategy/Aspect Strategic,Biden,50,1
New Bridge Strategy/Aspect Strategic,Trump,50,1
NewsNation/Decision Desk HQ,Biden,50,1
NewsNation/Decision Desk HQ,Trump,50,1
Noble Predictive Insights,Biden,21.518987341772153,34
Noble Predictive Insights,DeSantis,3.1645569620253164,5
Noble Predictive Insights,Haley,1.2658227848101267,2
Noble Predictive Insights,Harris,11.39240506329114,18
Noble Predictive Insights,Kennedy,6.329113924050633,10
Noble Predictive Insights,M. Obama,1.2658227848101267,2
Noble Predictive Insights,Newsom,1.2658227848101267,2
Noble Predictive Insights,Oliver,3.79746835443038,6
Noble Predictive Insights,Pence,1.2658227848101267,2
Noble Predictive Insights,Ramaswamy,1.2658227848101267,2
Noble Predictive Insights,Sanders,1.2658227848101267,2
Noble Predictive Insights,Skousen,1.2658227848101267,2
Noble Predictive Insights,Stein,8.860759493670885,14
Noble Predictive Insights,Trump,29.746835443037973,47
Noble Predictive Insights,West,6.329113924050633,10
North Star Opinion Research,Biden,29.09090909090909,16
North Star Opinion Research,Harris,3.6363636363636362,2
North Star Opinion Research,Kennedy,14.545454545454545,8
North Star Opinion Research,Oliver,5.454545454545454,3
North Star Opinion Research,Stein,9.090909090909092,5
North Star Opinion Research,Trump,32.72727272727273,18
North Star Opinion Research,West,5.454545454545454,3
OH Predictive Insights / MBQF,Biden,50,4
OH Predictive Insights / MBQF,DeSantis,25,2
OH Predictive Insights / MBQF,Trump,25,2
Ohio Northern University Institute for Civics and Public Policy,Biden,48,12
Ohio Northern University Institute for Civics and Public Policy,Christie,4,1
Ohio Northern University Institute for Civics and Public Policy,DeSantis,8,2
Ohio Northern University Institute for Civics and Public Policy,Haley,8,2
Ohio Northern University Institute for Civics and Public Policy,Kennedy,4,1
Ohio Northern University Institute for Civics and Public Policy,Pence,8,2
Ohio Northern University Institute for Civics and Public Policy,Scott,4,1
Ohio Northern University Institute for Civics and Public Policy,Trump,16,4
OnMessage Inc.,Harris,50,8
OnMessage Inc.,Trump,50,8
Opinion Diagnostics,Biden,50,2
Opinion Diagnostics,DeSantis,25,1
Opinion Diagnostics,Trump,25,1
Outward Intelligence,Harris,25,12
Outward Intelligence,Kennedy,12.5,6
Outward Intelligence,Oliver,12.5,6
Outward Intelligence,Stein,12.5,6
Outward Intelligence,Trump,25,12
Outward Intelligence,West,12.5,6
P2 Insights,Biden,33.33333333333333,10
P2 Insights,Kennedy,33.33333333333333,10
P2 Insights,Trump,33.33333333333333,10
PEM Management Corporation,Biden,50,7
PEM Management Corporation,Trump,50,7
PPIC,Biden,37.5,9
PPIC,De la Cruz,4.166666666666666,1
PPIC,Harris,4.166666666666666,1
PPIC,Kennedy,4.166666666666666,1
PPIC,Oliver,4.166666666666666,1
PPIC,Stein,4.166666666666666,1
PPIC,Trump,41.66666666666667,10
PPP,Biden,17.431192660550458,38
PPP,Buttigieg,2.293577981651376,5
PPP,Cooper,0.45871559633027525,1
PPP,DeSantis,1.3761467889908259,3
PPP,Haley,0.45871559633027525,1
PPP,Harris,11.46788990825688,25
PPP,Kelly,0.45871559633027525,1
PPP,Kennedy,7.339449541284404,16
PPP,Newsom,1.834862385321101,4
PPP,Pence,0.45871559633027525,1
PPP,Pritzker,2.293577981651376,5
PPP,Shapiro,2.293577981651376,5
PPP,Stein,7.79816513761468,17
PPP,Trump,38.99082568807339,85
PPP,Warren,0.45871559633027525,1
PPP,West,2.293577981651376,5
PPP,Whitmer,2.293577981651376,5
PRRI,Biden,16.666666666666664,4
PRRI,Harris,12.5,3
PRRI,Hogan,4.166666666666666,1
PRRI,Kennedy,8.333333333333332,2
PRRI,Manchin,4.166666666666666,1
PRRI,Stein,8.333333333333332,2
PRRI,Trump,29.166666666666668,7
PRRI,West,16.666666666666664,4
Pan Atlantic Research,Biden,20,3
Pan Atlantic Research,Harris,20,3
Pan Atlantic Research,Oliver,6.666666666666667,1
Pan Atlantic Research,Stein,6.666666666666667,1
Pan Atlantic Research,Trump,40,6
Pan Atlantic Research,West,6.666666666666667,1
Patriot Polling,Biden,8,2
Patriot Polling,Harris,40,10
Patriot Polling,Kennedy,4,1
Patriot Polling,Trump,48,12
Peak Insights,Harris,33.33333333333333,1
Peak Insights,Kennedy,33.33333333333333,1
Peak Insights,Trump,33.33333333333333,1
Pew,Biden,15,3
Pew,Harris,20,4
Pew,Kennedy,15,3
Pew,Oliver,5,1
Pew,Stein,5,1
Pew,Trump,35,7
Pew,West,5,1
Praecones Analytica,Biden,27.27272727272727,3
Praecones Analytica,Harris,9.090909090909092,1
Praecones Analytica,Kennedy,27.27272727272727,3
Praecones Analytica,Sununu,9.090909090909092,1
Praecones Analytica,Trump,27.27272727272727,3
Premise,Biden,49.504950495049506,100
Premise,Cheney,1.9801980198019802,4
Premise,DeSantis,19.801980198019802,40
Premise,Haley,3.9603960396039604,8
Premise,Pence,0.49504950495049505,1
Premise,Trump,24.257425742574256,49
Prime Group,Biden,33.33333333333333,24
Prime Group,Kennedy,11.11111111111111,8
Prime Group,Stein,11.11111111111111,8
Prime Group,Trump,33.33333333333333,24
Prime Group,West,11.11111111111111,8
Probolsky Research,DeSantis,50,1
Probolsky Research,Newsom,50,1
Project Home Fire,Biden,50,1
Project Home Fire,Trump,50,1
Public Opinion Strategies,Biden,44.680851063829785,42
Public Opinion Strategies,DeSantis,19.148936170212767,18
Public Opinion Strategies,Harris,5.319148936170213,5
Public Opinion Strategies,Pence,2.127659574468085,2
Public Opinion Strategies,Trump,28.723404255319153,27
PureSpectrum,Biden,50,2
PureSpectrum,Trump,50,2
Quantus Insights,Harris,50,2
Quantus Insights,Trump,50,2
Quantus Polls and News,Harris,50,6
Quantus Polls and News,Trump,50,6
Quinnipiac,Biden,18.4115523465704,51
Quinnipiac,De la Cruz,1.444043321299639,4
Quinnipiac,DeSantis,1.444043321299639,4
Quinnipiac,Haley,1.444043321299639,4
Quinnipiac,Harris,11.552346570397113,32
Quinnipiac,Kennedy,7.9422382671480145,22
Quinnipiac,Oliver,6.859205776173286,19
Quinnipiac,Stein,11.552346570397113,32
Quinnipiac,Terry,2.527075812274368,7
Quinnipiac,Trump,27.075812274368232,75
Quinnipiac,West,9.747292418772563,27
RABA Research,Biden,50,1
RABA Research,Trump,50,1
RMG Research,Biden,14.814814814814813,16
RMG Research,DeSantis,2.7777777777777777,3
RMG Research,Harris,29.629629629629626,32
RMG Research,Kennedy,8.333333333333332,9
RMG Research,Manchin,2.7777777777777777,3
RMG Research,Scott,1.8518518518518516,2
RMG Research,Trump,39.81481481481482,43
Rasmussen,Biden,45.33333333333333,34
Rasmussen,DeSantis,5.333333333333334,4
Rasmussen,Haley,2.666666666666667,2
Rasmussen,Harris,2.666666666666667,2
Rasmussen,Kennedy,4,3
Rasmussen,Trump,40,30
Redfield & Wilton Strategies,Biden,18.59582542694497,196
Redfield & Wilton Strategies,DeSantis,2.6565464895635675,28
Redfield & Wilton Strategies,Haley,0.6641366223908919,7
Redfield & Wilton Strategies,Harris,14.89563567362429,157
Redfield & Wilton Strategies,Kennedy,10.721062618595825,113
Redfield & Wilton Strategies,Oliver,10.436432637571158,110
Redfield & Wilton Strategies,Ramaswamy,0.18975332068311196,2
Redfield & Wilton Strategies,Stein,11.669829222011385,123
Redfield & Wilton Strategies,Trump,29.98102466793169,316
Redfield & Wilton Strategies,West,0.18975332068311196,2
Remington,Biden,16.901408450704224,12
Remington,Harris,8.450704225352112,6
Remington,Kennedy,14.084507042253522,10
Remington,Oliver,1.4084507042253522,1
Remington,Stein,18.30985915492958,13
Remington,Trump,25.352112676056336,18
Remington,West,15.492957746478872,11
Research & Polling,Harris,50,1
Research & Polling,Trump,50,1
Research America,Biden,13.636363636363635,3
Research America,DeSantis,4.545454545454546,1
Research America,Harris,22.727272727272727,5
Research America,Kennedy,9.090909090909092,2
Research America,Oliver,9.090909090909092,2
Research America,Stein,9.090909090909092,2
Research America,Trump,27.27272727272727,6
Research America,Youngkin,4.545454545454546,1
Research Co.,Harris,50,4
Research Co.,Trump,50,4
Roanoke College,Biden,36.11111111111111,13
Roanoke College,DeSantis,5.555555555555555,2
Roanoke College,Haley,2.7777777777777777,1
Roanoke College,Harris,5.555555555555555,2
Roanoke College,Kennedy,5.555555555555555,2
Roanoke College,Oliver,2.7777777777777777,1
Roanoke College,Stein,5.555555555555555,2
Roanoke College,Trump,27.77777777777778,10
Roanoke College,West,2.7777777777777777,1
Roanoke College,Youngkin,5.555555555555555,2
SSRS,Biden,38.46153846153847,5
SSRS,DeSantis,7.6923076923076925,1
SSRS,Kennedy,23.076923076923077,3
SSRS,Trump,30.76923076923077,4
Schoen Cooperman,Biden,33.33333333333333,4
Schoen Cooperman,Clinton,8.333333333333332,1
Schoen Cooperman,DeSantis,8.333333333333332,1
Schoen Cooperman,Harris,8.333333333333332,1
Schoen Cooperman,Trump,41.66666666666667,5
Selzer,Biden,33.33333333333333,6
Selzer,Harris,5.555555555555555,1
Selzer,Kennedy,11.11111111111111,2
Selzer,Oliver,11.11111111111111,2
Selzer,Trump,38.88888888888889,7
Siena,Biden,28.30188679245283,15
Siena,Harris,7.547169811320755,4
Siena,Kennedy,9.433962264150944,5
Siena,Oliver,3.7735849056603774,2
Siena,Stein,3.7735849056603774,2
Siena,Trump,35.84905660377358,19
Siena,West,11.320754716981133,6
Siena/NYT,Biden,15.43026706231454,104
Siena/NYT,DeSantis,1.7804154302670623,12
Siena/NYT,Haley,2.0771513353115725,14
Siena/NYT,Harris,17.210682492581604,116
Siena/NYT,Kennedy,7.71513353115727,52
Siena/NYT,Mapstead,1.7804154302670623,12
Siena/NYT,Oliver,8.753709198813056,59
Siena/NYT,Stein,10.534124629080118,71
Siena/NYT,Trump,28.783382789317507,194
Siena/NYT,West,5.934718100890208,40
Slingshot Strategies,Biden,25,1
Slingshot Strategies,Harris,25,1
Slingshot Strategies,Trump,50,2
SoCal Research,Biden,18.91891891891892,7
SoCal Research,Harris,21.62162162162162,8
SoCal Research,Kennedy,5.405405405405405,2
SoCal Research,Oliver,5.405405405405405,2
SoCal Research,Stein,5.405405405405405,2
SoCal Research,Trump,40.54054054054054,15
SoCal Research,West,2.7027027027027026,1
SoCal Strategies,Biden,9.090909090909092,2
SoCal Strategies,Harris,40.909090909090914,9
SoCal Strategies,Trump,50,11
SoonerPoll.com,Biden,25,1
SoonerPoll.com,Harris,25,1
SoonerPoll.com,Trump,50,2
Split Ticket,Biden,33.33333333333333,1
Split Ticket,Kennedy,33.33333333333333,1
Split Ticket,Trump,33.33333333333333,1
Split Ticket/Data for Progress,Biden,20,2
Split Ticket/Data for Progress,Harris,10,1
Split Ticket/Data for Progress,Kennedy,10,1
Split Ticket/Data for Progress,Oliver,10,1
Split Ticket/Data for Progress,Stein,10,1
Split Ticket/Data for Progress,Trump,30,3
Split Ticket/Data for Progress,West,10,1
Spry Strategies,Biden,18,9
Spry Strategies,DeSantis,4,2
Spry Strategies,Harris,20,10
Spry Strategies,Kennedy,14.000000000000002,7
Spry Strategies,Scott,2,1
Spry Strategies,Stein,10,5
Spry Strategies,Trump,32,16
St. Anselm,Biden,12.195121951219512,5
St. Anselm,DeSantis,2.4390243902439024,1
St. Anselm,Harris,12.195121951219512,5
St. Anselm,Kennedy,9.75609756097561,4
St. Anselm,Oliver,14.634146341463413,6
St. Anselm,Stein,14.634146341463413,6
St. Anselm,Trump,21.951219512195124,9
St. Anselm,West,12.195121951219512,5
St. Pete Polls,Biden,50,2
St. Pete Polls,Trump,50,2
Strategies 360,Harris,40,2
Strategies 360,Kennedy,20,1
Strategies 360,Trump,40,2
Suffolk,Ayyadurai,0.7936507936507936,1
Suffolk,Biden,20.634920634920633,26
Suffolk,Clinton,1.5873015873015872,2
Suffolk,De la Cruz,0.7936507936507936,1
Suffolk,DeSantis,5.555555555555555,7
Suffolk,Harris,6.349206349206349,8
Suffolk,Kennedy,9.523809523809524,12
Suffolk,Kishore,0.7936507936507936,1
Suffolk,Manchin,0.7936507936507936,1
Suffolk,Mapstead,1.5873015873015872,2
Suffolk,Oliver,6.349206349206349,8
Suffolk,Stein,9.523809523809524,12
Suffolk,Terry,0.7936507936507936,1
Suffolk,Trump,23.015873015873016,29
Suffolk,West,11.904761904761903,15
Survey Center on American Life,Biden,37.5,3
Survey Center on American Life,DeSantis,12.5,1
Survey Center on American Life,Harris,12.5,1
Survey Center on American Life,Trump,37.5,3
SurveyMonkey,Biden,9.090909090909092,1
SurveyMonkey,Harris,27.27272727272727,3
SurveyMonkey,Kennedy,9.090909090909092,1
SurveyMonkey,Stein,9.090909090909092,1
SurveyMonkey,Trump,36.36363636363637,4
SurveyMonkey,West,9.090909090909092,1
SurveyUSA,Biden,25.24271844660194,26
SurveyUSA,Buttigieg,0.9708737864077669,1
SurveyUSA,Haley,2.912621359223301,3
SurveyUSA,Harris,13.592233009708737,14
SurveyUSA,Kennedy,2.912621359223301,3
SurveyUSA,M. Obama,1.9417475728155338,2
SurveyUSA,Newsom,2.912621359223301,3
SurveyUSA,Trump,46.601941747572816,48
SurveyUSA,West,0.9708737864077669,1
SurveyUSA,Whitmer,1.9417475728155338,2
SurveyUSA/High Point University,Harris,50,2
SurveyUSA/High Point University,Trump,50,2
Susquehanna,Biden,30.18867924528302,16
Susquehanna,DeSantis,11.320754716981133,6
Susquehanna,Haley,1.8867924528301887,1
Susquehanna,Harris,11.320754716981133,6
Susquehanna,Kennedy,5.660377358490567,3
Susquehanna,Newsom,3.7735849056603774,2
Susquehanna,Stein,1.8867924528301887,1
Susquehanna,Trump,33.9622641509434,18
TIPP,Biden,9.793814432989691,19
TIPP,Harris,22.68041237113402,44
TIPP,Kennedy,8.762886597938143,17
TIPP,Manchin,0.5154639175257731,1
TIPP,Mapstead,0.5154639175257731,1
TIPP,Stein,12.371134020618557,24
TIPP,Trump,32.47422680412371,63
TIPP,West,12.886597938144329,25
Target Insyght,Biden,50,1
Target Insyght,Trump,50,1
Targoz Market Research,Biden,30,30
Targoz Market Research,DeSantis,2,2
Targoz Market Research,Harris,4,4
Targoz Market Research,Kennedy,14.000000000000002,14
Targoz Market Research,Manchin,2,2
Targoz Market Research,Oliver,6,6
Targoz Market Research,Stein,6,6
Targoz Market Research,Trump,32,32
Targoz Market Research,West,4,4
Tarrance,Biden,16.666666666666664,1
Tarrance,Harris,33.33333333333333,2
Tarrance,Trump,50,3
Texas Hispanic Policy Foundation,Biden,19.047619047619047,4
Texas Hispanic Policy Foundation,DeSantis,9.523809523809524,2
Texas Hispanic Policy Foundation,Harris,14.285714285714285,3
Texas Hispanic Policy Foundation,Kennedy,4.761904761904762,1
Texas Hispanic Policy Foundation,Oliver,14.285714285714285,3
Texas Hispanic Policy Foundation,Stein,14.285714285714285,3
Texas Hispanic Policy Foundation,Trump,23.809523809523807,5
Texas Lyceum,Biden,20,1
Texas Lyceum,Kennedy,20,1
Texas Lyceum,Stein,20,1
Texas Lyceum,Trump,20,1
Texas Lyceum,West,20,1
The Citadel,Biden,28.57142857142857,4
The Citadel,Haley,14.285714285714285,2
The Citadel,Kennedy,14.285714285714285,2
The Citadel,Manchin,14.285714285714285,2
The Citadel,Stein,14.285714285714285,2
The Citadel,Trump,14.285714285714285,2
The Political Matrix/The Listener Group,Biden,50,1
The Political Matrix/The Listener Group,DeSantis,50,1
The Tyson Group,Biden,26.666666666666668,4
The Tyson Group,Kennedy,13.333333333333334,2
The Tyson Group,Mapstead,6.666666666666667,1
The Tyson Group,Stein,13.333333333333334,2
The Tyson Group,Trump,26.666666666666668,4
The Tyson Group,West,13.333333333333334,2
The Washington Post,Harris,42.857142857142854,6
The Washington Post,Oliver,7.142857142857142,1
The Washington Post,Stein,7.142857142857142,1
The Washington Post,Trump,42.857142857142854,6
Torchlight Strategies,Biden,37.5,3
Torchlight Strategies,Harris,12.5,1
Torchlight Strategies,Trump,50,4
Trafalgar Group,Biden,8.064516129032258,5
Trafalgar Group,Harris,30.64516129032258,19
Trafalgar Group,Kennedy,11.29032258064516,7
Trafalgar Group,Oliver,1.6129032258064515,1
Trafalgar Group,Stein,4.838709677419355,3
Trafalgar Group,Trump,38.70967741935484,24
Trafalgar Group,West,4.838709677419355,3
Trafalgar Group/InsiderAdvantage,Harris,50,1
Trafalgar Group/InsiderAdvantage,Trump,50,1
Tulchin Research,Biden,50,1
Tulchin Research,Trump,50,1
U. Georgia SPIA,Biden,26.923076923076923,7
U. Georgia SPIA,De la Cruz,3.8461538461538463,1
U. Georgia SPIA,DeSantis,3.8461538461538463,1
U. Georgia SPIA,Haley,3.8461538461538463,1
U. Georgia SPIA,Harris,7.6923076923076925,2
U. Georgia SPIA,Kennedy,7.6923076923076925,2
U. Georgia SPIA,Oliver,11.538461538461538,3
U. Georgia SPIA,Stein,3.8461538461538463,1
U. Georgia SPIA,Trump,26.923076923076923,7
U. Georgia SPIA,West,3.8461538461538463,1
U. Houston,Biden,18.181818181818183,2
U. Houston,Haley,9.090909090909092,1
U. Houston,Harris,18.181818181818183,2
U. Houston,Oliver,9.090909090909092,1
U. Houston,Stein,18.181818181818183,2
U. Houston,Trump,27.27272727272727,3
U. Massachusetts - Lowell,Biden,50,6
U. Massachusetts - Lowell,DeSantis,8.333333333333332,1
U. Massachusetts - Lowell,Trump,41.66666666666667,5
U. New Hampshire,Biden,12.396694214876034,15
U. New Hampshire,Christie,0.8264462809917356,1
U. New Hampshire,DeSantis,1.6528925619834711,2
U. New Hampshire,Haley,0.8264462809917356,1
U. New Hampshire,Harris,17.355371900826448,21
U. New Hampshire,Kennedy,9.917355371900827,12
U. New Hampshire,Oliver,9.917355371900827,12
U. New Hampshire,Pence,0.8264462809917356,1
U. New Hampshire,Ramaswamy,0.8264462809917356,1
U. New Hampshire,Scott,0.8264462809917356,1
U. New Hampshire,Stein,11.570247933884298,14
U. New Hampshire,Trump,23.96694214876033,29
U. New Hampshire,West,9.090909090909092,11
U. North Florida,Biden,37.5,3
U. North Florida,DeSantis,12.5,1
U. North Florida,Harris,12.5,1
U. North Florida,Trump,37.5,3
U. Rhode Island,Harris,33.33333333333333,1
U. Rhode Island,Kennedy,33.33333333333333,1
U. Rhode Island,Trump,33.33333333333333,1
UC Berkeley,Biden,28.947368421052634,11
UC Berkeley,DeSantis,5.263157894736842,2
UC Berkeley,Harris,5.263157894736842,2
UC Berkeley,Kennedy,10.526315789473683,4
UC Berkeley,Oliver,2.631578947368421,1
UC Berkeley,Stein,7.894736842105263,3
UC Berkeley,Trump,28.947368421052634,11
UC Berkeley,West,10.526315789473683,4
UMBC,Harris,20,1
UMBC,Kennedy,20,1
UMBC,Oliver,20,1
UMBC,Stein,20,1
UMBC,Trump,20,1
UMass Amherst/YouGov,Ayyadurai,4.166666666666666,1
UMass Amherst/YouGov,Biden,25,6
UMass Amherst/YouGov,De la Cruz,4.166666666666666,1
UMass Amherst/YouGov,DeSantis,4.166666666666666,1
UMass Amherst/YouGov,Harris,8.333333333333332,2
UMass Amherst/YouGov,Kennedy,16.666666666666664,4
UMass Amherst/YouGov,Oliver,4.166666666666666,1
UMass Amherst/YouGov,Scott,4.166666666666666,1
UMass Amherst/YouGov,Stein,4.166666666666666,1
UMass Amherst/YouGov,Trump,25,6
USC Dornsife/CSU Long Beach/Cal Poly Pomona,Biden,8.333333333333332,1
USC Dornsife/CSU Long Beach/Cal Poly Pomona,De la Cruz,8.333333333333332,1
USC Dornsife/CSU Long Beach/Cal Poly Pomona,Harris,8.333333333333332,1
USC Dornsife/CSU Long Beach/Cal Poly Pomona,Kennedy,16.666666666666664,2
USC Dornsife/CSU Long Beach/Cal Poly Pomona,Mapstead,8.333333333333332,1
USC Dornsife/CSU Long Beach/Cal Poly Pomona,Oliver,8.333333333333332,1
USC Dornsife/CSU Long Beach/Cal Poly Pomona,Stein,16.666666666666664,2
USC Dornsife/CSU Long Beach/Cal Poly Pomona,Trump,16.666666666666664,2
USC Dornsife/CSU Long Beach/Cal Poly Pomona,West,8.333333333333332,1
University of Delaware,Harris,25,1
University of Delaware,Kennedy,25,1
University of Delaware,Oliver,25,1
University of Delaware,Trump,25,1
University of Houston/Texas Southern University,Biden,10,1
University of Houston/Texas Southern University,Harris,10,1
University of Houston/Texas Southern University,Kennedy,20,2
University of Houston/Texas Southern University,Oliver,20,2
University of Houston/Texas Southern University,Stein,20,2
University of Houston/Texas Southern University,Trump,20,2
University of Maryland/Washington Post,Harris,33.33333333333333,4
University of Maryland/Washington Post,Oliver,16.666666666666664,2
University of Maryland/Washington Post,Stein,16.666666666666664,2
University of Maryland/Washington Post,Trump,33.33333333333333,4
University of Massachusetts Lowell/YouGov,Ayyadurai,3.125,1
University of Massachusetts Lowell/YouGov,Biden,9.375,3
University of Massachusetts Lowell/YouGov,Harris,12.5,4
University of Massachusetts Lowell/YouGov,Kennedy,15.625,5
University of Massachusetts Lowell/YouGov,Kishore,3.125,1
University of Massachusetts Lowell/YouGov,Oliver,12.5,4
University of Massachusetts Lowell/YouGov,Stein,12.5,4
University of Massachusetts Lowell/YouGov,Swift,3.125,1
University of Massachusetts Lowell/YouGov,Terry,3.125,1
University of Massachusetts Lowell/YouGov,Trump,21.875,7
University of Massachusetts Lowell/YouGov,West,3.125,1
University of Texas at Tyler,Biden,28.57142857142857,8
University of Texas at Tyler,Haley,7.142857142857142,2
University of Texas at Tyler,Kennedy,14.285714285714285,4
University of Texas at Tyler,Oliver,7.142857142857142,2
University of Texas at Tyler,Stein,14.285714285714285,4
University of Texas at Tyler,Trump,21.428571428571427,6
University of Texas at Tyler,West,7.142857142857142,2
UpOne Insights/BSG,Biden,50,1
UpOne Insights/BSG,Trump,50,1
VCreek/AMG,Biden,30.76923076923077,4
VCreek/AMG,Haley,7.6923076923076925,1
VCreek/AMG,Kennedy,15.384615384615385,2
VCreek/AMG,Manchin,7.6923076923076925,1
VCreek/AMG,Stein,7.6923076923076925,1
VCreek/AMG,Trump,23.076923076923077,3
VCreek/AMG,West,7.6923076923076925,1
Victory Insights,Biden,25,4
Victory Insights,DeSantis,18.75,3
Victory Insights,Harris,25,4
Victory Insights,Trump,31.25,5
Virginia Commonwealth U.,Biden,21.052631578947366,8
Virginia Commonwealth U.,DeSantis,5.263157894736842,2
Virginia Commonwealth U.,Haley,2.631578947368421,1
Virginia Commonwealth U.,Harris,10.526315789473683,4
Virginia Commonwealth U.,Kennedy,5.263157894736842,2
Virginia Commonwealth U.,Stein,15.789473684210526,6
Virginia Commonwealth U.,Trump,21.052631578947366,8
Virginia Commonwealth U.,West,15.789473684210526,6
Virginia Commonwealth U.,Youngkin,2.631578947368421,1
VoteTXT,Biden,50,2
VoteTXT,DeSantis,25,1
VoteTXT,Trump,25,1
WPAi,Biden,40,6
WPAi,DeSantis,6.666666666666667,1
WPAi,Harris,6.666666666666667,1
WPAi,Oliver,6.666666666666667,1
WPAi,Trump,40,6
Washington Post/George Mason University,De la Cruz,12.5,2
Washington Post/George Mason University,Harris,25,4
Washington Post/George Mason University,Oliver,12.5,2
Washington Post/George Mason University,Stein,12.5,2
Washington Post/George Mason University,Trump,25,4
Washington Post/George Mason University,West,12.5,2
Wick,Biden,38.46153846153847,10
Wick,DeSantis,7.6923076923076925,2
Wick,Haley,7.6923076923076925,2
Wick,Harris,7.6923076923076925,2
Wick,Oliver,3.8461538461538463,1
Wick,Pence,7.6923076923076925,2
Wick,Scott,7.6923076923076925,2
Wick,Stein,3.8461538461538463,1
Wick,Trump,15.384615384615385,4
Winthrop U.,Biden,33.33333333333333,2
Winthrop U.,Haley,16.666666666666664,1
Winthrop U.,Harris,16.666666666666664,1
Winthrop U.,Trump,33.33333333333333,2
Yale Youth Poll,Harris,20,1
Yale Youth Poll,Oliver,20,1
Yale Youth Poll,Stein,20,1
Yale Youth Poll,Trump,20,1
Yale Youth Poll,West,20,1
YouGov,Biden,28.11387900355872,237
YouGov,Cheney,0.2372479240806643,2
YouGov,DeSantis,5.2194543297746145,44
YouGov,Haley,1.1862396204033214,10
YouGov,Harris,8.540925266903916,72
YouGov,Kennedy,5.575326215895611,47
YouGov,Newsom,1.0676156583629894,9
YouGov,Oliver,2.372479240806643,20
YouGov,Pence,0.11862396204033215,1
YouGov,Ramaswamy,0.2372479240806643,2
YouGov,Scott,0.11862396204033215,1
YouGov,Shapiro,0.11862396204033215,1
YouGov,Stein,8.066429418742587,68
YouGov,Trump,31.316725978647685,264
YouGov,West,7.354685646500593,62
YouGov,Whitmer,0.2372479240806643,2
YouGov,Youngkin,0.11862396204033215,1
YouGov Blue,Biden,31.428571428571427,11
YouGov Blue,DeSantis,8.571428571428571,3
YouGov Blue,Haley,2.857142857142857,1
YouGov Blue,Harris,2.857142857142857,1
YouGov Blue,Kennedy,8.571428571428571,3
YouGov Blue,Manchin,2.857142857142857,1
YouGov Blue,Oliver,5.714285714285714,2
YouGov Blue,Ramaswamy,2.857142857142857,1
YouGov Blue,Stein,5.714285714285714,2
YouGov Blue,Trump,22.857142857142858,8
YouGov Blue,West,5.714285714285714,2
YouGov/Center for Working Class Politics,Harris,50,1
YouGov/Center for Working Class Politics,Trump,50,1
YouGov/SNF Agora,Harris,33.33333333333333,1
YouGov/SNF Agora,Kennedy,33.33333333333333,1
YouGov/SNF Agora,Trump,33.33333333333333,1
Z to A Research,Harris,23.076923076923077,3
Z to A Research,Kennedy,23.076923076923077,3
Z to A Research,Oliver,15.384615384615385,2
Z to A Research,Stein,15.384615384615385,2
Z to A Research,Trump,23.076923076923077,3
Zogby,Biden,33.33333333333333,4
Zogby,Kennedy,16.666666666666664,2
Zogby,Trump,33.33333333333333,4
Zogby,West,16.666666666666664,2
co/efficient,Biden,27.27272727272727,6
co/efficient,Harris,18.181818181818183,4
co/efficient,Kennedy,9.090909090909092,2
co/efficient,Sununu,4.545454545454546,1
co/efficient,Trump,40.909090909090914,9
